feature,cell_type,overweight_vs_normal_mean,overweight_vs_normal_hdi_low,overweight_vs_normal_hdi_high,overweight_vs_normal_prob_positive,overweight_vs_normal_prob_sig,obese_vs_normal_mean,obese_vs_normal_hdi_low,obese_vs_normal_hdi_high,obese_vs_normal_prob_positive,obese_vs_normal_prob_sig,obese_vs_overweight_mean,obese_vs_overweight_hdi_low,obese_vs_overweight_hdi_high,obese_vs_overweight_prob_positive,obese_vs_overweight_prob_sig,overweight_prob_gt_0.1,overweight_prob_gt_0.2,overweight_prob_gt_0.3,overweight_prob_gt_0.5,obese_prob_gt_0.1,obese_prob_gt_0.2,obese_prob_gt_0.3,obese_prob_gt_0.5,obese_vs_overweight_prob_gt_0.1,obese_vs_overweight_prob_gt_0.2,obese_vs_overweight_prob_gt_0.3,obese_vs_overweight_prob_gt_0.5,overweight_evidence_medium,overweight_evidence_large,obese_evidence_medium,obese_evidence_large,obese_vs_overweight_evidence_medium,obese_vs_overweight_evidence_large
B CELLS||Autophagy_Regulation_Signature,B CELLS,0.213,0.111,0.31,1.0,0.98925,0.226,0.083,0.366,0.9965,0.964125,0.012,-0.15,0.164,0.568625,0.192375,0.998375,0.57325,0.0035,0.0,0.99225,0.661375,0.05825,0.0,0.059375,0.00025,0.0,0.0,Negligible,Negligible,Weak,Negligible,Negligible,Negligible
B CELLS||Cellular_Stress_Response_Signature,B CELLS,0.208,0.108,0.304,0.99975,0.98225,0.221,0.085,0.365,0.995,0.95875,0.013,-0.147,0.169,0.57625,0.182125,0.998375,0.57325,0.0035,0.0,0.99225,0.661375,0.05825,0.0,0.059375,0.00025,0.0,0.0,Negligible,Negligible,Weak,Negligible,Negligible,Negligible
B CELLS||Hypoxia_Response_Signature,B CELLS,0.201,0.098,0.297,0.999125,0.969,0.239,0.101,0.384,0.999375,0.982125,0.039,-0.113,0.207,0.688875,0.22925,0.998375,0.57325,0.0035,0.0,0.99225,0.661375,0.05825,0.0,0.059375,0.00025,0.0,0.0,Negligible,Negligible,Weak,Negligible,Negligible,Negligible
B CELLS||Immunosenescence_Signature,B CELLS,0.204,0.107,0.302,0.9995,0.977625,0.225,0.098,0.371,0.997625,0.96925,0.021,-0.13,0.183,0.620125,0.193625,0.998375,0.57325,0.0035,0.0,0.99225,0.661375,0.05825,0.0,0.059375,0.00025,0.0,0.0,Negligible,Negligible,Weak,Negligible,Negligible,Negligible
B_CELLS||Hypoxia_Response_Signature,B CELLS,0.201,0.097,0.294,0.999125,0.97025,0.239,0.101,0.387,0.998875,0.98125,0.038,-0.106,0.206,0.68025,0.226125,0.998375,0.57325,0.0035,0.0,0.99225,0.661375,0.05825,0.0,0.059375,0.00025,0.0,0.0,Negligible,Negligible,Weak,Negligible,Negligible,Negligible
B_CELLS||Immunoglobulin_Production_Signature,B CELLS,0.196,0.095,0.292,0.997875,0.961875,0.213,0.08,0.359,0.993375,0.94475,0.017,-0.141,0.173,0.596375,0.199,0.998375,0.57325,0.0035,0.0,0.99225,0.661375,0.05825,0.0,0.059375,0.00025,0.0,0.0,Negligible,Negligible,Weak,Negligible,Negligible,Negligible
B_CELLS||Immunosenescence_Signature,B CELLS,0.204,0.101,0.301,0.998875,0.975125,0.226,0.089,0.373,0.997,0.966375,0.022,-0.133,0.179,0.61675,0.195,0.998375,0.57325,0.0035,0.0,0.99225,0.661375,0.05825,0.0,0.059375,0.00025,0.0,0.0,Negligible,Negligible,Weak,Negligible,Negligible,Negligible
B_CELLS||Lipid_Metabolism_Signature,B CELLS,0.219,0.12,0.321,1.0,0.994,0.217,0.081,0.356,0.997375,0.953125,-0.002,-0.16,0.148,0.50525,0.185875,0.998375,0.57325,0.0035,0.0,0.99225,0.661375,0.05825,0.0,0.059375,0.00025,0.0,0.0,Negligible,Negligible,Weak,Negligible,Negligible,Negligible
B_CELLS||MHC_II_Presentation_Signature,B CELLS,0.209,0.109,0.307,0.9995,0.98475,0.217,0.084,0.362,0.99475,0.953125,0.008,-0.156,0.16,0.552375,0.18225,0.998375,0.57325,0.0035,0.0,0.99225,0.661375,0.05825,0.0,0.059375,0.00025,0.0,0.0,Negligible,Negligible,Weak,Negligible,Negligible,Negligible
B_CELLS||MHC_I_Presentation_Signature,B CELLS,0.206,0.109,0.302,0.999875,0.982125,0.217,0.077,0.361,0.995625,0.9535,0.01,-0.142,0.168,0.563125,0.183125,0.998375,0.57325,0.0035,0.0,0.99225,0.661375,0.05825,0.0,0.059375,0.00025,0.0,0.0,Negligible,Negligible,Weak,Negligible,Negligible,Negligible
B_CELLS||ROS_Response_Signature,B CELLS,0.218,0.118,0.318,1.0,0.99275,0.225,0.086,0.365,0.998875,0.96375,0.007,-0.159,0.16,0.54675,0.18525,0.998375,0.57325,0.0035,0.0,0.99225,0.661375,0.05825,0.0,0.059375,0.00025,0.0,0.0,Negligible,Negligible,Weak,Negligible,Negligible,Negligible
B_CELLS||Regulatory_B_Cell_Signature,B CELLS,0.211,0.112,0.308,0.999625,0.988375,0.215,0.079,0.356,0.995875,0.949375,0.004,-0.15,0.158,0.531375,0.17875,0.998375,0.57325,0.0035,0.0,0.99225,0.661375,0.05825,0.0,0.059375,0.00025,0.0,0.0,Negligible,Negligible,Weak,Negligible,Negligible,Negligible
B_CELLS||Regulatory_B_Function_Signature,B CELLS,0.21,0.116,0.317,0.999625,0.986125,0.214,0.066,0.355,0.99475,0.946625,0.004,-0.162,0.158,0.531375,0.19125,0.998375,0.57325,0.0035,0.0,0.99225,0.661375,0.05825,0.0,0.059375,0.00025,0.0,0.0,Negligible,Negligible,Weak,Negligible,Negligible,Negligible
B_CELLS||Type_I_Interferon_Response_Signature,B CELLS,0.193,0.078,0.283,0.997875,0.952375,0.203,0.047,0.337,0.9885,0.9205,0.011,-0.157,0.169,0.572625,0.202875,0.998375,0.57325,0.0035,0.0,0.99225,0.661375,0.05825,0.0,0.059375,0.00025,0.0,0.0,Negligible,Negligible,Weak,Negligible,Negligible,Negligible
BASOPHILS||Activation_Signaling_Signature,BASOPHILS,0.061,-0.009,0.124,0.968125,0.09875,-0.014,-0.098,0.077,0.357375,0.03475,-0.075,-0.177,0.028,0.0655,0.288625,0.032625,0.0,0.0,0.0,0.000875,0.0,0.0,0.0,0.194375,0.0,0.0,0.0,Negligible,Negligible,Negligible,Negligible,Negligible,Negligible
BASOPHILS||Adipose_Allergy_Signature,BASOPHILS,0.062,-0.0,0.128,0.976125,0.1045,-0.014,-0.103,0.073,0.36175,0.036875,-0.076,-0.178,0.021,0.056,0.291125,0.032625,0.0,0.0,0.0,0.000875,0.0,0.0,0.0,0.194375,0.0,0.0,0.0,Negligible,Negligible,Negligible,Negligible,Negligible,Negligible
BASOPHILS||Adipose_Signaling_Signature,BASOPHILS,0.069,0.006,0.141,0.988,0.15175,-0.014,-0.1,0.068,0.35375,0.03075,-0.084,-0.188,0.014,0.045125,0.3505,0.032625,0.0,0.0,0.0,0.000875,0.0,0.0,0.0,0.194375,0.0,0.0,0.0,Negligible,Negligible,Negligible,Negligible,Negligible,Negligible
BASOPHILS||Allergic_Inflammation_Signature,BASOPHILS,0.055,-0.013,0.119,0.94775,0.067625,-0.009,-0.094,0.079,0.387375,0.028625,-0.064,-0.158,0.04,0.095625,0.224125,0.032625,0.0,0.0,0.0,0.000875,0.0,0.0,0.0,0.194375,0.0,0.0,0.0,Negligible,Negligible,Negligible,Negligible,Negligible,Negligible
BASOPHILS||Angiogenesis_Regulation_Signature,BASOPHILS,0.059,-0.01,0.122,0.9635,0.089375,-0.014,-0.103,0.068,0.359375,0.0345,-0.073,-0.166,0.031,0.065375,0.2825,0.032625,0.0,0.0,0.0,0.000875,0.0,0.0,0.0,0.194375,0.0,0.0,0.0,Negligible,Negligible,Negligible,Negligible,Negligible,Negligible
BASOPHILS||Anti_Apoptotic_Signature,BASOPHILS,0.059,-0.007,0.123,0.965375,0.088,-0.02,-0.107,0.068,0.321125,0.043,-0.079,-0.185,0.014,0.047625,0.309875,0.032625,0.0,0.0,0.0,0.000875,0.0,0.0,0.0,0.194375,0.0,0.0,0.0,Negligible,Negligible,Negligible,Negligible,Negligible,Negligible
BASOPHILS||Autophagy_Regulation_Signature,BASOPHILS,0.062,0.001,0.127,0.976875,0.103125,-0.017,-0.106,0.071,0.33275,0.041125,-0.079,-0.177,0.019,0.04975,0.3205,0.032625,0.0,0.0,0.0,0.000875,0.0,0.0,0.0,0.194375,0.0,0.0,0.0,Negligible,Negligible,Negligible,Negligible,Negligible,Negligible
BASOPHILS||Cellular_Stress_Response_Signature,BASOPHILS,0.059,-0.006,0.124,0.962875,0.08375,-0.019,-0.108,0.064,0.323625,0.0415,-0.078,-0.168,0.03,0.05275,0.308125,0.032625,0.0,0.0,0.0,0.000875,0.0,0.0,0.0,0.194375,0.0,0.0,0.0,Negligible,Negligible,Negligible,Negligible,Negligible,Negligible
BASOPHILS||Chronic_Activation_Signature,BASOPHILS,0.06,-0.002,0.125,0.971,0.089625,-0.013,-0.094,0.078,0.366,0.031875,-0.073,-0.171,0.028,0.067375,0.277375,0.032625,0.0,0.0,0.0,0.000875,0.0,0.0,0.0,0.194375,0.0,0.0,0.0,Negligible,Negligible,Negligible,Negligible,Negligible,Negligible
BASOPHILS||Complement_Activation_Signature,BASOPHILS,0.063,-0.004,0.127,0.9755,0.110375,-0.022,-0.111,0.066,0.309875,0.05225,-0.085,-0.191,0.008,0.0345,0.355,0.032625,0.0,0.0,0.0,0.000875,0.0,0.0,0.0,0.194375,0.0,0.0,0.0,Negligible,Negligible,Negligible,Negligible,Negligible,Negligible
BASOPHILS||Cytokine_Production_Signature,BASOPHILS,0.055,-0.01,0.122,0.9505,0.071125,-0.009,-0.099,0.076,0.395,0.031625,-0.064,-0.168,0.036,0.094125,0.234125,0.032625,0.0,0.0,0.0,0.000875,0.0,0.0,0.0,0.194375,0.0,0.0,0.0,Negligible,Negligible,Negligible,Negligible,Negligible,Negligible
BASOPHILS||Degranulation_Signature,BASOPHILS,0.06,-0.005,0.128,0.96675,0.095875,-0.014,-0.102,0.072,0.3565,0.03475,-0.074,-0.171,0.029,0.06125,0.284375,0.032625,0.0,0.0,0.0,0.000875,0.0,0.0,0.0,0.194375,0.0,0.0,0.0,Negligible,Negligible,Negligible,Negligible,Negligible,Negligible
BASOPHILS||ER_Stress_Response_Signature,BASOPHILS,0.058,-0.008,0.118,0.963625,0.080375,-0.019,-0.108,0.071,0.327375,0.045375,-0.077,-0.175,0.027,0.05425,0.29475,0.032625,0.0,0.0,0.0,0.000875,0.0,0.0,0.0,0.194375,0.0,0.0,0.0,Negligible,Negligible,Negligible,Negligible,Negligible,Negligible
BASOPHILS||Epigenetic_Dysregulation_Signature,BASOPHILS,0.062,-0.0,0.131,0.97425,0.1035,-0.017,-0.104,0.068,0.33125,0.03825,-0.079,-0.179,0.022,0.051625,0.32175,0.032625,0.0,0.0,0.0,0.000875,0.0,0.0,0.0,0.194375,0.0,0.0,0.0,Negligible,Negligible,Negligible,Negligible,Negligible,Negligible
BASOPHILS||Epigenetic_Silencing_Signature,BASOPHILS,0.062,-0.001,0.128,0.97425,0.104,-0.017,-0.101,0.076,0.337625,0.038625,-0.079,-0.181,0.02,0.053625,0.32,0.032625,0.0,0.0,0.0,0.000875,0.0,0.0,0.0,0.194375,0.0,0.0,0.0,Negligible,Negligible,Negligible,Negligible,Negligible,Negligible
BASOPHILS||FcÎµRI_Signaling_Signature,BASOPHILS,0.064,0.002,0.135,0.97625,0.116125,-0.012,-0.099,0.076,0.36725,0.035125,-0.076,-0.179,0.026,0.0625,0.308875,0.032625,0.0,0.0,0.0,0.000875,0.0,0.0,0.0,0.194375,0.0,0.0,0.0,Negligible,Negligible,Negligible,Negligible,Negligible,Negligible
BASOPHILS||Histamine_Signature,BASOPHILS,0.066,0.001,0.135,0.982,0.1345,-0.017,-0.105,0.07,0.336375,0.04075,-0.083,-0.193,0.012,0.042375,0.35375,0.032625,0.0,0.0,0.0,0.000875,0.0,0.0,0.0,0.194375,0.0,0.0,0.0,Negligible,Negligible,Negligible,Negligible,Negligible,Negligible
BASOPHILS||Hyperreactive_Signaling_Signature,BASOPHILS,0.064,-0.004,0.128,0.974875,0.1105,-0.013,-0.099,0.075,0.363125,0.03275,-0.076,-0.171,0.029,0.059375,0.299125,0.032625,0.0,0.0,0.0,0.000875,0.0,0.0,0.0,0.194375,0.0,0.0,0.0,Negligible,Negligible,Negligible,Negligible,Negligible,Negligible
BASOPHILS||Hypoxia_Response_Signature,BASOPHILS,0.058,-0.004,0.12,0.965625,0.079625,-0.012,-0.104,0.07,0.37125,0.031875,-0.07,-0.166,0.027,0.074875,0.261625,0.032625,0.0,0.0,0.0,0.000875,0.0,0.0,0.0,0.194375,0.0,0.0,0.0,Negligible,Negligible,Negligible,Negligible,Negligible,Negligible
BASOPHILS||IgE_Response_Signature,BASOPHILS,0.063,-0.002,0.13,0.973,0.11725,-0.013,-0.1,0.073,0.365125,0.032625,-0.077,-0.177,0.018,0.053125,0.30075,0.032625,0.0,0.0,0.0,0.000875,0.0,0.0,0.0,0.194375,0.0,0.0,0.0,Negligible,Negligible,Negligible,Negligible,Negligible,Negligible
BASOPHILS||Immunosenescence_Signature,BASOPHILS,0.06,-0.008,0.123,0.967375,0.091875,-0.006,-0.092,0.083,0.41975,0.032125,-0.066,-0.165,0.035,0.09325,0.238,0.032625,0.0,0.0,0.0,0.000875,0.0,0.0,0.0,0.194375,0.0,0.0,0.0,Negligible,Negligible,Negligible,Negligible,Negligible,Negligible
BASOPHILS||Inflammatory_Mediator_Signature,BASOPHILS,0.055,-0.018,0.116,0.9465,0.06775,-0.017,-0.104,0.069,0.335875,0.03725,-0.072,-0.17,0.027,0.074375,0.271125,0.032625,0.0,0.0,0.0,0.000875,0.0,0.0,0.0,0.194375,0.0,0.0,0.0,Negligible,Negligible,Negligible,Negligible,Negligible,Negligible
BASOPHILS||Inflammatory_Response_Signature,BASOPHILS,0.054,-0.015,0.12,0.943625,0.06375,-0.013,-0.101,0.076,0.366375,0.03425,-0.067,-0.166,0.037,0.089375,0.243125,0.032625,0.0,0.0,0.0,0.000875,0.0,0.0,0.0,0.194375,0.0,0.0,0.0,Negligible,Negligible,Negligible,Negligible,Negligible,Negligible
BASOPHILS||Lineage_Program_Signature,BASOPHILS,0.06,-0.002,0.124,0.970375,0.0925,-0.013,-0.102,0.07,0.366625,0.034125,-0.073,-0.168,0.022,0.062875,0.275375,0.032625,0.0,0.0,0.0,0.000875,0.0,0.0,0.0,0.194375,0.0,0.0,0.0,Negligible,Negligible,Negligible,Negligible,Negligible,Negligible
BASOPHILS||Lipid_Mediator_Activity_Signature,BASOPHILS,0.063,-0.001,0.129,0.97675,0.11325,-0.014,-0.104,0.069,0.355,0.036,-0.078,-0.181,0.017,0.051,0.30975,0.032625,0.0,0.0,0.0,0.000875,0.0,0.0,0.0,0.194375,0.0,0.0,0.0,Negligible,Negligible,Negligible,Negligible,Negligible,Negligible
BASOPHILS||Lipid_Mediator_Signature,BASOPHILS,0.064,-0.0,0.129,0.979625,0.1135,-0.014,-0.102,0.068,0.358,0.033375,-0.078,-0.172,0.024,0.0505,0.304125,0.032625,0.0,0.0,0.0,0.000875,0.0,0.0,0.0,0.194375,0.0,0.0,0.0,Negligible,Negligible,Negligible,Negligible,Negligible,Negligible
BASOPHILS||Microbiome_Response_Signature,BASOPHILS,0.055,-0.009,0.124,0.9515,0.070125,-0.018,-0.103,0.073,0.334375,0.04175,-0.073,-0.178,0.026,0.06925,0.273,0.032625,0.0,0.0,0.0,0.000875,0.0,0.0,0.0,0.194375,0.0,0.0,0.0,Negligible,Negligible,Negligible,Negligible,Negligible,Negligible
BASOPHILS||Mitochondrial_Function_Signature,BASOPHILS,0.068,0.003,0.141,0.982125,0.1475,-0.017,-0.103,0.066,0.33675,0.033125,-0.085,-0.187,0.014,0.04,0.3535,0.032625,0.0,0.0,0.0,0.000875,0.0,0.0,0.0,0.194375,0.0,0.0,0.0,Negligible,Negligible,Negligible,Negligible,Negligible,Negligible
BASOPHILS||Prostaglandin_Signature,BASOPHILS,0.064,-0.002,0.129,0.978375,0.115,-0.014,-0.101,0.069,0.354125,0.031375,-0.078,-0.172,0.026,0.051625,0.309,0.032625,0.0,0.0,0.0,0.000875,0.0,0.0,0.0,0.194375,0.0,0.0,0.0,Negligible,Negligible,Negligible,Negligible,Negligible,Negligible
BASOPHILS||Protease_Release_Activity_Signature,BASOPHILS,0.061,-0.008,0.121,0.969,0.099125,-0.014,-0.098,0.072,0.353625,0.031875,-0.075,-0.178,0.018,0.058375,0.2935,0.032625,0.0,0.0,0.0,0.000875,0.0,0.0,0.0,0.194375,0.0,0.0,0.0,Negligible,Negligible,Negligible,Negligible,Negligible,Negligible
BASOPHILS||Receptor_Expression_Signature,BASOPHILS,0.059,-0.007,0.121,0.96275,0.084875,-0.013,-0.101,0.075,0.3625,0.033625,-0.072,-0.168,0.027,0.07,0.278,0.032625,0.0,0.0,0.0,0.000875,0.0,0.0,0.0,0.194375,0.0,0.0,0.0,Negligible,Negligible,Negligible,Negligible,Negligible,Negligible
BASOPHILS||Senescence_Signature,BASOPHILS,0.059,-0.009,0.12,0.964875,0.084375,-0.014,-0.104,0.073,0.35925,0.036375,-0.073,-0.172,0.028,0.067875,0.277375,0.032625,0.0,0.0,0.0,0.000875,0.0,0.0,0.0,0.194375,0.0,0.0,0.0,Negligible,Negligible,Negligible,Negligible,Negligible,Negligible
BASOPHILS||Surface_Receptor_Expression_Signature,BASOPHILS,0.059,-0.006,0.122,0.966125,0.086375,-0.014,-0.103,0.07,0.36225,0.034625,-0.073,-0.172,0.027,0.063625,0.268375,0.032625,0.0,0.0,0.0,0.000875,0.0,0.0,0.0,0.194375,0.0,0.0,0.0,Negligible,Negligible,Negligible,Negligible,Negligible,Negligible
BASOPHILS||Survival_Program_Signature,BASOPHILS,0.059,-0.007,0.123,0.96525,0.08675,-0.02,-0.113,0.063,0.318,0.048125,-0.079,-0.184,0.019,0.05125,0.320625,0.032625,0.0,0.0,0.0,0.000875,0.0,0.0,0.0,0.194375,0.0,0.0,0.0,Negligible,Negligible,Negligible,Negligible,Negligible,Negligible
BASOPHILS||Type2_Cytokine_Expression_Signature,BASOPHILS,0.055,-0.011,0.124,0.947125,0.07125,-0.008,-0.096,0.083,0.40325,0.03475,-0.063,-0.161,0.042,0.104625,0.2315,0.032625,0.0,0.0,0.0,0.000875,0.0,0.0,0.0,0.194375,0.0,0.0,0.0,Negligible,Negligible,Negligible,Negligible,Negligible,Negligible
BASOPHILS||Type2_Response_Signature,BASOPHILS,0.054,-0.019,0.114,0.950625,0.06175,-0.009,-0.094,0.08,0.391375,0.031375,-0.063,-0.161,0.039,0.098375,0.226375,0.032625,0.0,0.0,0.0,0.000875,0.0,0.0,0.0,0.194375,0.0,0.0,0.0,Negligible,Negligible,Negligible,Negligible,Negligible,Negligible
CD4+ T CELLS||Adipokine_Signaling_Signature,CD4+ T CELLS,-0.044,-0.115,0.031,0.1075,0.057,-0.181,-0.286,-0.071,0.003,0.939875,-0.138,-0.257,-0.023,0.014375,0.756125,0.02125,0.0,0.0,0.0,0.98375,0.334125,0.002125,0.0,0.838375,0.056,0.0,0.0,Negligible,Negligible,Negligible,Negligible,Negligible,Negligible
CD4+ T CELLS||Angiogenesis_Regulation_Signature,CD4+ T CELLS,-0.046,-0.121,0.024,0.087625,0.06725,-0.184,-0.29,-0.074,0.002,0.94225,-0.137,-0.258,-0.019,0.014625,0.74825,0.02125,0.0,0.0,0.0,0.98375,0.334125,0.002125,0.0,0.838375,0.056,0.0,0.0,Negligible,Negligible,Negligible,Negligible,Negligible,Negligible
CD4+ T CELLS||Apoptosis_Resistance_Signature,CD4+ T CELLS,-0.046,-0.12,0.03,0.0925,0.06825,-0.188,-0.292,-0.081,0.0015,0.954625,-0.142,-0.26,-0.024,0.00975,0.777625,0.02125,0.0,0.0,0.0,0.98375,0.334125,0.002125,0.0,0.838375,0.056,0.0,0.0,Negligible,Negligible,Negligible,Negligible,Negligible,Negligible
CD4+ T CELLS||CD4_Tissue_Homing_Signature,CD4+ T CELLS,-0.044,-0.117,0.028,0.104125,0.059375,-0.183,-0.287,-0.073,0.002,0.94175,-0.139,-0.256,-0.022,0.012625,0.76875,0.02125,0.0,0.0,0.0,0.98375,0.334125,0.002125,0.0,0.838375,0.056,0.0,0.0,Negligible,Negligible,Negligible,Negligible,Negligible,Negligible
CD4+ T CELLS||Cellular_Stress_Response_Signature,CD4+ T CELLS,-0.045,-0.119,0.027,0.09825,0.067,-0.188,-0.295,-0.082,0.001375,0.958375,-0.143,-0.256,-0.019,0.00925,0.779625,0.02125,0.0,0.0,0.0,0.98375,0.334125,0.002125,0.0,0.838375,0.056,0.0,0.0,Negligible,Negligible,Negligible,Negligible,Negligible,Negligible
CD4+ T CELLS||Chemokine_Network_Signature,CD4+ T CELLS,-0.047,-0.12,0.028,0.090375,0.072375,-0.182,-0.287,-0.074,0.0025,0.942875,-0.135,-0.25,-0.014,0.016125,0.746125,0.02125,0.0,0.0,0.0,0.98375,0.334125,0.002125,0.0,0.838375,0.056,0.0,0.0,Negligible,Negligible,Negligible,Negligible,Negligible,Negligible
CD4+ T CELLS||Costimulatory_Activity_Signature,CD4+ T CELLS,-0.043,-0.116,0.031,0.10875,0.054875,-0.181,-0.29,-0.076,0.003,0.936875,-0.138,-0.251,-0.018,0.013,0.75775,0.02125,0.0,0.0,0.0,0.98375,0.334125,0.002125,0.0,0.838375,0.056,0.0,0.0,Negligible,Negligible,Negligible,Negligible,Negligible,Negligible
CD4+ T CELLS||ECM_Remodeling_Signature,CD4+ T CELLS,-0.044,-0.117,0.028,0.10025,0.056625,-0.184,-0.29,-0.072,0.002625,0.94275,-0.14,-0.261,-0.022,0.01175,0.76775,0.02125,0.0,0.0,0.0,0.98375,0.334125,0.002125,0.0,0.838375,0.056,0.0,0.0,Negligible,Negligible,Negligible,Negligible,Negligible,Negligible
CD4+ T CELLS||ER_Stress_Response_Signature,CD4+ T CELLS,-0.048,-0.124,0.026,0.085,0.08075,-0.185,-0.294,-0.079,0.001625,0.946375,-0.136,-0.26,-0.018,0.01625,0.744375,0.02125,0.0,0.0,0.0,0.98375,0.334125,0.002125,0.0,0.838375,0.056,0.0,0.0,Negligible,Negligible,Negligible,Negligible,Negligible,Negligible
CD4+ T CELLS||Energy_Sensing_Activity_Signature,CD4+ T CELLS,-0.047,-0.119,0.024,0.091375,0.06725,-0.182,-0.288,-0.071,0.00225,0.941125,-0.135,-0.251,-0.01,0.016625,0.748375,0.02125,0.0,0.0,0.0,0.98375,0.334125,0.002125,0.0,0.838375,0.056,0.0,0.0,Negligible,Negligible,Negligible,Negligible,Negligible,Negligible
CD4+ T CELLS||Fibrosis_Mediation_Signature,CD4+ T CELLS,-0.044,-0.117,0.03,0.105625,0.059625,-0.192,-0.297,-0.087,0.000375,0.964625,-0.148,-0.261,-0.025,0.005875,0.80725,0.02125,0.0,0.0,0.0,0.98375,0.334125,0.002125,0.0,0.838375,0.056,0.0,0.0,Negligible,Negligible,Negligible,Negligible,Negligible,Negligible
CD4+ T CELLS||Glycolytic_Metabolism_Signature,CD4+ T CELLS,-0.043,-0.117,0.028,0.11325,0.056,-0.189,-0.305,-0.09,0.000625,0.955875,-0.146,-0.263,-0.027,0.008125,0.798,0.02125,0.0,0.0,0.0,0.98375,0.334125,0.002125,0.0,0.838375,0.056,0.0,0.0,Negligible,Negligible,Negligible,Negligible,Negligible,Negligible
CD4+ T CELLS||Helper_Function_Signature,CD4+ T CELLS,-0.046,-0.119,0.027,0.09425,0.070875,-0.174,-0.275,-0.055,0.004875,0.91725,-0.128,-0.242,-0.01,0.023875,0.703,0.02125,0.0,0.0,0.0,0.98375,0.334125,0.002125,0.0,0.838375,0.056,0.0,0.0,Negligible,Negligible,Negligible,Negligible,Negligible,Negligible
CD4+ T CELLS||Hypoxia_Response_Signature,CD4+ T CELLS,-0.046,-0.12,0.029,0.093625,0.067625,-0.182,-0.292,-0.074,0.001125,0.93975,-0.136,-0.255,-0.02,0.014,0.747375,0.02125,0.0,0.0,0.0,0.98375,0.334125,0.002125,0.0,0.838375,0.056,0.0,0.0,Negligible,Negligible,Negligible,Negligible,Negligible,Negligible
CD4+ T CELLS||Immunosenescence_Signature,CD4+ T CELLS,-0.041,-0.113,0.034,0.119375,0.049,-0.183,-0.288,-0.075,0.001875,0.944,-0.142,-0.259,-0.021,0.012875,0.78675,0.02125,0.0,0.0,0.0,0.98375,0.334125,0.002125,0.0,0.838375,0.056,0.0,0.0,Negligible,Negligible,Negligible,Negligible,Negligible,Negligible
CD4+ T CELLS||Inflammatory_Cytokine_Signature,CD4+ T CELLS,-0.05,-0.129,0.018,0.0765,0.08675,-0.176,-0.285,-0.07,0.004875,0.919,-0.126,-0.244,-0.006,0.025375,0.6895,0.02125,0.0,0.0,0.0,0.98375,0.334125,0.002125,0.0,0.838375,0.056,0.0,0.0,Negligible,Negligible,Negligible,Negligible,Negligible,Negligible
CD4+ T CELLS||Microbiome_Response_Signature,CD4+ T CELLS,-0.049,-0.122,0.024,0.0805,0.080125,-0.185,-0.295,-0.081,0.002375,0.946875,-0.136,-0.252,-0.018,0.016375,0.746375,0.02125,0.0,0.0,0.0,0.98375,0.334125,0.002125,0.0,0.838375,0.056,0.0,0.0,Negligible,Negligible,Negligible,Negligible,Negligible,Negligible
CD4+ T CELLS||Mitochondrial_Dysfunction_Signature,CD4+ T CELLS,-0.046,-0.118,0.026,0.091625,0.064375,-0.183,-0.289,-0.073,0.00175,0.9415,-0.138,-0.261,-0.023,0.01425,0.753,0.02125,0.0,0.0,0.0,0.98375,0.334125,0.002125,0.0,0.838375,0.056,0.0,0.0,Negligible,Negligible,Negligible,Negligible,Negligible,Negligible
CD4+ T CELLS||Oxidative_Stress_Response_Signature,CD4+ T CELLS,-0.048,-0.12,0.026,0.09075,0.074125,-0.186,-0.289,-0.075,0.0015,0.952125,-0.138,-0.252,-0.016,0.012625,0.74975,0.02125,0.0,0.0,0.0,0.98375,0.334125,0.002125,0.0,0.838375,0.056,0.0,0.0,Negligible,Negligible,Negligible,Negligible,Negligible,Negligible
CD4+ T CELLS||TGFB_Signaling_Signature,CD4+ T CELLS,-0.046,-0.118,0.025,0.093875,0.065875,-0.188,-0.292,-0.082,0.0005,0.956375,-0.142,-0.26,-0.03,0.009375,0.777125,0.02125,0.0,0.0,0.0,0.98375,0.334125,0.002125,0.0,0.838375,0.056,0.0,0.0,Negligible,Negligible,Negligible,Negligible,Negligible,Negligible
CD4+ T CELLS||Transcriptional_Activation_Signature,CD4+ T CELLS,-0.044,-0.121,0.027,0.10275,0.062375,-0.183,-0.29,-0.078,0.001875,0.941375,-0.138,-0.256,-0.017,0.015,0.759875,0.02125,0.0,0.0,0.0,0.98375,0.334125,0.002125,0.0,0.838375,0.056,0.0,0.0,Negligible,Negligible,Negligible,Negligible,Negligible,Negligible
CD4+ T CELLS||Treg_Signature,CD4+ T CELLS,-0.042,-0.116,0.034,0.112875,0.05675,-0.181,-0.286,-0.074,0.003375,0.9415,-0.139,-0.26,-0.026,0.012625,0.76525,0.02125,0.0,0.0,0.0,0.98375,0.334125,0.002125,0.0,0.838375,0.056,0.0,0.0,Negligible,Negligible,Negligible,Negligible,Negligible,Negligible
CD8_T_GENERAL||Chronic_Activation_Signature,CD8 T GENERAL,0.16,0.045,0.275,0.993875,0.865,0.233,0.07,0.394,0.99475,0.95325,0.074,-0.094,0.256,0.80675,0.39875,0.899375,0.169375,0.00075,0.0,0.97875,0.70975,0.14025,0.000125,0.361375,0.029875,0.000625,0.0,Negligible,Negligible,Weak,Negligible,Negligible,Negligible
CD8_T_GENERAL||Costimulation_Signature,CD8 T GENERAL,0.163,0.05,0.28,0.996,0.878875,0.238,0.069,0.4,0.995875,0.95625,0.075,-0.109,0.245,0.813875,0.404875,0.899375,0.169375,0.00075,0.0,0.97875,0.70975,0.14025,0.000125,0.361375,0.029875,0.000625,0.0,Negligible,Negligible,Weak,Negligible,Negligible,Negligible
CD8_T_GENERAL||Cytotoxicity_Signature,CD8 T GENERAL,0.156,0.042,0.271,0.99275,0.844625,0.221,0.042,0.378,0.98925,0.92875,0.066,-0.123,0.247,0.7795,0.40225,0.899375,0.169375,0.00075,0.0,0.97875,0.70975,0.14025,0.000125,0.361375,0.029875,0.000625,0.0,Negligible,Negligible,Weak,Negligible,Negligible,Negligible
CD8_T_GENERAL||Effector_Differentiation_Signature,CD8 T GENERAL,0.164,0.052,0.287,0.9955,0.874125,0.228,0.058,0.392,0.992,0.93975,0.064,-0.12,0.238,0.78025,0.381375,0.899375,0.169375,0.00075,0.0,0.97875,0.70975,0.14025,0.000125,0.361375,0.029875,0.000625,0.0,Negligible,Negligible,Weak,Negligible,Negligible,Negligible
CD8_T_GENERAL||Glycolysis_Signature,CD8 T GENERAL,0.162,0.049,0.276,0.99575,0.869875,0.242,0.081,0.414,0.996125,0.959875,0.08,-0.106,0.255,0.821875,0.4245,0.899375,0.169375,0.00075,0.0,0.97875,0.70975,0.14025,0.000125,0.361375,0.029875,0.000625,0.0,Negligible,Negligible,Weak,Negligible,Negligible,Negligible
CD8_T_GENERAL||Hypoxia_Response_Signature,CD8 T GENERAL,0.153,0.039,0.267,0.991375,0.837125,0.249,0.09,0.424,0.99725,0.96775,0.096,-0.073,0.288,0.866125,0.481625,0.899375,0.169375,0.00075,0.0,0.97875,0.70975,0.14025,0.000125,0.361375,0.029875,0.000625,0.0,Negligible,Negligible,Weak,Negligible,Negligible,Negligible
CD8_T_GENERAL||Immunosenescence_Signature,CD8 T GENERAL,0.161,0.052,0.278,0.995625,0.86575,0.232,0.07,0.401,0.994625,0.947625,0.071,-0.11,0.252,0.802875,0.402625,0.899375,0.169375,0.00075,0.0,0.97875,0.70975,0.14025,0.000125,0.361375,0.029875,0.000625,0.0,Negligible,Negligible,Weak,Negligible,Negligible,Negligible
CD8_T_GENERAL||Inflammatory_Response_Signature,CD8 T GENERAL,0.147,0.027,0.261,0.983875,0.81275,0.24,0.078,0.42,0.996125,0.956125,0.094,-0.088,0.29,0.852625,0.4735,0.899375,0.169375,0.00075,0.0,0.97875,0.70975,0.14025,0.000125,0.361375,0.029875,0.000625,0.0,Negligible,Negligible,Weak,Negligible,Negligible,Negligible
CD8_T_GENERAL||Perforin_Granzyme_Pathway_Signature,CD8 T GENERAL,0.155,0.04,0.269,0.990375,0.84625,0.221,0.048,0.381,0.9885,0.9265,0.066,-0.127,0.236,0.78,0.3975,0.899375,0.169375,0.00075,0.0,0.97875,0.70975,0.14025,0.000125,0.361375,0.029875,0.000625,0.0,Negligible,Negligible,Weak,Negligible,Negligible,Negligible
DENDRITIC CELLS||Cellular_Stress_Response_Signature,DENDRITIC CELLS,0.01,-0.049,0.07,0.649125,0.00675,0.017,-0.072,0.097,0.68725,0.03325,0.007,-0.089,0.101,0.576125,0.042125,0.0,0.0,0.0,0.0,0.002625,0.0,0.0,0.0,0.001375,0.0,0.0,0.0,Negligible,Negligible,Negligible,Negligible,Negligible,Negligible
DENDRITIC CELLS||Costimulation_Activity_Signature,DENDRITIC CELLS,0.004,-0.056,0.066,0.579375,0.006625,0.03,-0.053,0.118,0.773875,0.056,0.026,-0.068,0.125,0.707375,0.072875,0.0,0.0,0.0,0.0,0.002625,0.0,0.0,0.0,0.001375,0.0,0.0,0.0,Negligible,Negligible,Negligible,Negligible,Negligible,Negligible
DENDRITIC CELLS||ER_Stress_Response_Signature,DENDRITIC CELLS,0.008,-0.057,0.065,0.624375,0.006,0.019,-0.067,0.098,0.704625,0.029625,0.011,-0.082,0.108,0.615375,0.046625,0.0,0.0,0.0,0.0,0.002625,0.0,0.0,0.0,0.001375,0.0,0.0,0.0,Negligible,Negligible,Negligible,Negligible,Negligible,Negligible
DENDRITIC CELLS||Growth_Factor_Expression_Signature,DENDRITIC CELLS,0.011,-0.044,0.073,0.661125,0.009875,0.023,-0.056,0.109,0.729125,0.03875,0.011,-0.084,0.105,0.602375,0.04475,0.0,0.0,0.0,0.0,0.002625,0.0,0.0,0.0,0.001375,0.0,0.0,0.0,Negligible,Negligible,Negligible,Negligible,Negligible,Negligible
DENDRITIC CELLS||Hypoxia_Response_Signature,DENDRITIC CELLS,0.008,-0.055,0.066,0.621875,0.006125,0.025,-0.059,0.109,0.745875,0.04275,0.018,-0.08,0.114,0.661625,0.05675,0.0,0.0,0.0,0.0,0.002625,0.0,0.0,0.0,0.001375,0.0,0.0,0.0,Negligible,Negligible,Negligible,Negligible,Negligible,Negligible
DENDRITIC CELLS||IL12_Production_Signature,DENDRITIC CELLS,0.01,-0.049,0.071,0.656125,0.0055,0.017,-0.066,0.105,0.68825,0.03375,0.007,-0.084,0.107,0.583875,0.043375,0.0,0.0,0.0,0.0,0.002625,0.0,0.0,0.0,0.001375,0.0,0.0,0.0,Negligible,Negligible,Negligible,Negligible,Negligible,Negligible
DENDRITIC CELLS||MHC_II_Presentation_Signature,DENDRITIC CELLS,0.013,-0.046,0.072,0.67775,0.009625,0.023,-0.061,0.103,0.730625,0.037375,0.01,-0.079,0.107,0.601125,0.0425,0.0,0.0,0.0,0.0,0.002625,0.0,0.0,0.0,0.001375,0.0,0.0,0.0,Negligible,Negligible,Negligible,Negligible,Negligible,Negligible
DENDRITIC CELLS||MHC_I_Antigen_Processing_Signature,DENDRITIC CELLS,0.012,-0.048,0.073,0.66525,0.009375,0.016,-0.066,0.101,0.68075,0.03,0.004,-0.091,0.103,0.55875,0.045875,0.0,0.0,0.0,0.0,0.002625,0.0,0.0,0.0,0.001375,0.0,0.0,0.0,Negligible,Negligible,Negligible,Negligible,Negligible,Negligible
DENDRITIC CELLS||Maturation_Program_Signature,DENDRITIC CELLS,0.006,-0.057,0.064,0.607,0.005125,0.026,-0.057,0.106,0.75375,0.042375,0.02,-0.073,0.115,0.67475,0.05775,0.0,0.0,0.0,0.0,0.002625,0.0,0.0,0.0,0.001375,0.0,0.0,0.0,Negligible,Negligible,Negligible,Negligible,Negligible,Negligible
DENDRITIC CELLS||Microbiome_Response_Signature,DENDRITIC CELLS,0.007,-0.054,0.064,0.618,0.00775,0.022,-0.059,0.109,0.718375,0.037125,0.015,-0.086,0.106,0.629875,0.0505,0.0,0.0,0.0,0.0,0.002625,0.0,0.0,0.0,0.001375,0.0,0.0,0.0,Negligible,Negligible,Negligible,Negligible,Negligible,Negligible
DENDRITIC CELLS||Migration_Activity_Signature,DENDRITIC CELLS,0.009,-0.048,0.072,0.644875,0.006375,0.021,-0.06,0.106,0.724625,0.036875,0.012,-0.082,0.107,0.61275,0.046,0.0,0.0,0.0,0.0,0.002625,0.0,0.0,0.0,0.001375,0.0,0.0,0.0,Negligible,Negligible,Negligible,Negligible,Negligible,Negligible
DENDRITIC CELLS||Regulatory_Cytokine_Signature,DENDRITIC CELLS,0.01,-0.051,0.068,0.648625,0.005625,0.022,-0.061,0.106,0.72375,0.0375,0.012,-0.081,0.106,0.611,0.044375,0.0,0.0,0.0,0.0,0.002625,0.0,0.0,0.0,0.001375,0.0,0.0,0.0,Negligible,Negligible,Negligible,Negligible,Negligible,Negligible
DENDRITIC CELLS||Senescence_Signature,DENDRITIC CELLS,0.008,-0.054,0.066,0.6345,0.006875,0.023,-0.061,0.107,0.7355,0.03875,0.015,-0.078,0.114,0.632375,0.05025,0.0,0.0,0.0,0.0,0.002625,0.0,0.0,0.0,0.001375,0.0,0.0,0.0,Negligible,Negligible,Negligible,Negligible,Negligible,Negligible
DENDRITIC CELLS||Tolerogenic_Programming_Signature,DENDRITIC CELLS,0.007,-0.055,0.065,0.614375,0.007375,0.025,-0.061,0.112,0.74175,0.04525,0.018,-0.075,0.12,0.65075,0.05725,0.0,0.0,0.0,0.0,0.002625,0.0,0.0,0.0,0.001375,0.0,0.0,0.0,Negligible,Negligible,Negligible,Negligible,Negligible,Negligible
DENDRITIC CELLS||cDC1_Cross_Presentation_Signature,DENDRITIC CELLS,0.013,-0.042,0.077,0.674875,0.00825,0.021,-0.062,0.104,0.715875,0.032625,0.008,-0.086,0.105,0.5825,0.043875,0.0,0.0,0.0,0.0,0.002625,0.0,0.0,0.0,0.001375,0.0,0.0,0.0,Negligible,Negligible,Negligible,Negligible,Negligible,Negligible
DENDRITIC CELLS||cDC2_T_Helper_Priming_Signature,DENDRITIC CELLS,0.013,-0.046,0.073,0.6785,0.00725,0.022,-0.066,0.103,0.72225,0.0395,0.009,-0.086,0.104,0.590375,0.044625,0.0,0.0,0.0,0.0,0.002625,0.0,0.0,0.0,0.001375,0.0,0.0,0.0,Negligible,Negligible,Negligible,Negligible,Negligible,Negligible
DENDRITIC_CELLS||Antigen_Presentation_Signature,DENDRITIC CELLS,0.013,-0.046,0.076,0.674875,0.011,0.024,-0.058,0.109,0.735375,0.042375,0.011,-0.081,0.111,0.60325,0.0475,0.0,0.0,0.0,0.0,0.002625,0.0,0.0,0.0,0.001375,0.0,0.0,0.0,Negligible,Negligible,Negligible,Negligible,Negligible,Negligible
DENDRITIC_CELLS||Cell_Proliferation_Signature,DENDRITIC CELLS,0.016,-0.041,0.082,0.7155,0.014,0.015,-0.068,0.102,0.6735,0.031875,-0.002,-0.101,0.09,0.510125,0.04425,0.0,0.0,0.0,0.0,0.002625,0.0,0.0,0.0,0.001375,0.0,0.0,0.0,Negligible,Negligible,Negligible,Negligible,Negligible,Negligible
DENDRITIC_CELLS||Chemokine_Production_Signature,DENDRITIC CELLS,0.007,-0.051,0.069,0.61175,0.00575,0.022,-0.062,0.103,0.724625,0.036375,0.015,-0.077,0.11,0.63325,0.04825,0.0,0.0,0.0,0.0,0.002625,0.0,0.0,0.0,0.001375,0.0,0.0,0.0,Negligible,Negligible,Negligible,Negligible,Negligible,Negligible
DENDRITIC_CELLS||Costimulation_Activity_Signature,DENDRITIC CELLS,0.004,-0.061,0.061,0.589875,0.006625,0.029,-0.056,0.116,0.772625,0.05425,0.025,-0.066,0.128,0.705125,0.068375,0.0,0.0,0.0,0.0,0.002625,0.0,0.0,0.0,0.001375,0.0,0.0,0.0,Negligible,Negligible,Negligible,Negligible,Negligible,Negligible
DENDRITIC_CELLS||Costimulation_Signature,DENDRITIC CELLS,0.004,-0.06,0.063,0.58675,0.006875,0.029,-0.053,0.114,0.7695,0.051125,0.025,-0.063,0.131,0.702875,0.070875,0.0,0.0,0.0,0.0,0.002625,0.0,0.0,0.0,0.001375,0.0,0.0,0.0,Negligible,Negligible,Negligible,Negligible,Negligible,Negligible
DENDRITIC_CELLS||Cross_Presentation_Signature,DENDRITIC CELLS,0.012,-0.046,0.071,0.6665,0.007625,0.017,-0.071,0.1,0.684625,0.033875,0.005,-0.091,0.102,0.564125,0.0455,0.0,0.0,0.0,0.0,0.002625,0.0,0.0,0.0,0.001375,0.0,0.0,0.0,Negligible,Negligible,Negligible,Negligible,Negligible,Negligible
DENDRITIC_CELLS||Cytokine_Production_Signature,DENDRITIC CELLS,0.01,-0.048,0.07,0.6495,0.008125,0.021,-0.062,0.11,0.71375,0.038375,0.012,-0.083,0.108,0.611875,0.047,0.0,0.0,0.0,0.0,0.002625,0.0,0.0,0.0,0.001375,0.0,0.0,0.0,Negligible,Negligible,Negligible,Negligible,Negligible,Negligible
DENDRITIC_CELLS||Dendritic_Cell_Identity_Signature,DENDRITIC CELLS,0.014,-0.046,0.077,0.691375,0.01275,0.021,-0.06,0.108,0.718,0.037625,0.007,-0.086,0.105,0.581125,0.04475,0.0,0.0,0.0,0.0,0.002625,0.0,0.0,0.0,0.001375,0.0,0.0,0.0,Negligible,Negligible,Negligible,Negligible,Negligible,Negligible
DENDRITIC_CELLS||ER_Stress_Response_Signature,DENDRITIC CELLS,0.008,-0.052,0.068,0.625,0.0055,0.02,-0.06,0.106,0.705,0.034375,0.012,-0.086,0.101,0.616125,0.042625,0.0,0.0,0.0,0.0,0.002625,0.0,0.0,0.0,0.001375,0.0,0.0,0.0,Negligible,Negligible,Negligible,Negligible,Negligible,Negligible
DENDRITIC_CELLS||Fatty_Acid_Oxidation_Signature,DENDRITIC CELLS,0.014,-0.043,0.075,0.692625,0.010625,0.022,-0.063,0.103,0.729125,0.036375,0.008,-0.09,0.101,0.58275,0.043625,0.0,0.0,0.0,0.0,0.002625,0.0,0.0,0.0,0.001375,0.0,0.0,0.0,Negligible,Negligible,Negligible,Negligible,Negligible,Negligible
DENDRITIC_CELLS||Glycolysis_Signature,DENDRITIC CELLS,0.009,-0.051,0.067,0.637625,0.006375,0.019,-0.064,0.111,0.7045,0.039375,0.011,-0.09,0.102,0.604,0.0455,0.0,0.0,0.0,0.0,0.002625,0.0,0.0,0.0,0.001375,0.0,0.0,0.0,Negligible,Negligible,Negligible,Negligible,Negligible,Negligible
DENDRITIC_CELLS||Hedgehog_Signaling_Signature,DENDRITIC CELLS,0.01,-0.047,0.071,0.650875,0.006125,0.024,-0.058,0.106,0.736,0.04025,0.014,-0.08,0.108,0.623625,0.04575,0.0,0.0,0.0,0.0,0.002625,0.0,0.0,0.0,0.001375,0.0,0.0,0.0,Negligible,Negligible,Negligible,Negligible,Negligible,Negligible
DENDRITIC_CELLS||Hypoxia_Response_Signature,DENDRITIC CELLS,0.008,-0.051,0.071,0.62425,0.005125,0.025,-0.057,0.105,0.7465,0.0385,0.017,-0.071,0.112,0.650125,0.046,0.0,0.0,0.0,0.0,0.002625,0.0,0.0,0.0,0.001375,0.0,0.0,0.0,Negligible,Negligible,Negligible,Negligible,Negligible,Negligible
DENDRITIC_CELLS||MHC_II_Presentation_Signature,DENDRITIC CELLS,0.013,-0.046,0.072,0.672,0.007,0.023,-0.06,0.106,0.7305,0.036875,0.01,-0.083,0.106,0.601375,0.044,0.0,0.0,0.0,0.0,0.002625,0.0,0.0,0.0,0.001375,0.0,0.0,0.0,Negligible,Negligible,Negligible,Negligible,Negligible,Negligible
DENDRITIC_CELLS||MHC_I_Antigen_Processing_Signature,DENDRITIC CELLS,0.012,-0.048,0.068,0.66775,0.0075,0.016,-0.066,0.107,0.685125,0.032,0.004,-0.092,0.1,0.56125,0.043375,0.0,0.0,0.0,0.0,0.002625,0.0,0.0,0.0,0.001375,0.0,0.0,0.0,Negligible,Negligible,Negligible,Negligible,Negligible,Negligible
DENDRITIC_CELLS||Maturation_Signature,DENDRITIC CELLS,0.006,-0.051,0.067,0.606125,0.005125,0.026,-0.055,0.115,0.74975,0.049375,0.02,-0.073,0.118,0.672625,0.057375,0.0,0.0,0.0,0.0,0.002625,0.0,0.0,0.0,0.001375,0.0,0.0,0.0,Negligible,Negligible,Negligible,Negligible,Negligible,Negligible
DENDRITIC_CELLS||Migration_Activity_Signature,DENDRITIC CELLS,0.009,-0.051,0.068,0.64325,0.00725,0.023,-0.064,0.101,0.733,0.035375,0.013,-0.079,0.108,0.622375,0.044625,0.0,0.0,0.0,0.0,0.002625,0.0,0.0,0.0,0.001375,0.0,0.0,0.0,Negligible,Negligible,Negligible,Negligible,Negligible,Negligible
DENDRITIC_CELLS||Migration_Signature,DENDRITIC CELLS,0.009,-0.047,0.072,0.64,0.006,0.022,-0.061,0.102,0.72325,0.03325,0.012,-0.082,0.101,0.61925,0.040375,0.0,0.0,0.0,0.0,0.002625,0.0,0.0,0.0,0.001375,0.0,0.0,0.0,Negligible,Negligible,Negligible,Negligible,Negligible,Negligible
DENDRITIC_CELLS||PI3K_AKT_Signaling_Signature,DENDRITIC CELLS,0.011,-0.048,0.073,0.65275,0.007125,0.02,-0.062,0.106,0.7105,0.034375,0.01,-0.087,0.102,0.592625,0.04375,0.0,0.0,0.0,0.0,0.002625,0.0,0.0,0.0,0.001375,0.0,0.0,0.0,Negligible,Negligible,Negligible,Negligible,Negligible,Negligible
DENDRITIC_CELLS||Phagocytosis_Signature,DENDRITIC CELLS,0.008,-0.048,0.071,0.622625,0.004625,0.022,-0.058,0.11,0.7275,0.03725,0.014,-0.082,0.105,0.631,0.045375,0.0,0.0,0.0,0.0,0.002625,0.0,0.0,0.0,0.001375,0.0,0.0,0.0,Negligible,Negligible,Negligible,Negligible,Negligible,Negligible
DENDRITIC_CELLS||Senescence_Signature,DENDRITIC CELLS,0.009,-0.049,0.067,0.63425,0.0045,0.023,-0.052,0.107,0.733375,0.033125,0.014,-0.071,0.11,0.6335,0.04225,0.0,0.0,0.0,0.0,0.002625,0.0,0.0,0.0,0.001375,0.0,0.0,0.0,Negligible,Negligible,Negligible,Negligible,Negligible,Negligible
DENDRITIC_CELLS||TGF_Beta_Signaling_Signature,DENDRITIC CELLS,0.009,-0.053,0.068,0.640125,0.006625,0.022,-0.058,0.108,0.71975,0.036125,0.013,-0.082,0.107,0.613125,0.04675,0.0,0.0,0.0,0.0,0.002625,0.0,0.0,0.0,0.001375,0.0,0.0,0.0,Negligible,Negligible,Negligible,Negligible,Negligible,Negligible
DENDRITIC_CELLS||Tolerogenic_Programming_Signature,DENDRITIC CELLS,0.008,-0.05,0.069,0.62425,0.005875,0.025,-0.059,0.108,0.7435,0.042625,0.017,-0.075,0.115,0.65075,0.053,0.0,0.0,0.0,0.0,0.002625,0.0,0.0,0.0,0.001375,0.0,0.0,0.0,Negligible,Negligible,Negligible,Negligible,Negligible,Negligible
DENDRITIC_CELLS||Type_I_Interferon_Response_Signature,DENDRITIC CELLS,0.006,-0.057,0.063,0.612625,0.005125,0.014,-0.072,0.097,0.670875,0.030875,0.008,-0.088,0.109,0.591125,0.050125,0.0,0.0,0.0,0.0,0.002625,0.0,0.0,0.0,0.001375,0.0,0.0,0.0,Negligible,Negligible,Negligible,Negligible,Negligible,Negligible
DENDRITIC_CELLS||p53_Pathway_Signature,DENDRITIC CELLS,0.01,-0.049,0.07,0.64525,0.006375,0.021,-0.062,0.103,0.71275,0.033625,0.011,-0.081,0.104,0.608125,0.04325,0.0,0.0,0.0,0.0,0.002625,0.0,0.0,0.0,0.001375,0.0,0.0,0.0,Negligible,Negligible,Negligible,Negligible,Negligible,Negligible
NK CELLS||ADCC_Function_Signature,NK CELLS,0.122,0.065,0.187,0.998125,0.8085,-0.077,-0.146,-0.003,0.026,0.236125,-0.198,-0.283,-0.109,0.0005,0.979625,0.907625,0.0,0.0,0.0,0.213,0.0,0.0,0.0,1.0,0.57425,0.0,0.0,Negligible,Negligible,Negligible,Negligible,Negligible,Negligible
NK CELLS||Activating_Receptor_Signature,NK CELLS,0.123,0.062,0.184,0.998625,0.815,-0.078,-0.147,-0.003,0.02125,0.251125,-0.201,-0.285,-0.112,0.000875,0.983375,0.907625,0.0,0.0,0.0,0.213,0.0,0.0,0.0,1.0,0.57425,0.0,0.0,Negligible,Negligible,Negligible,Negligible,Negligible,Negligible
NK CELLS||Adipose_Signaling_Signature,NK CELLS,0.133,0.075,0.205,0.999875,0.8845,-0.081,-0.151,-0.002,0.01975,0.279875,-0.214,-0.307,-0.125,0.0,0.9925,0.907625,0.0,0.0,0.0,0.213,0.0,0.0,0.0,1.0,0.57425,0.0,0.0,Negligible,Negligible,Negligible,Negligible,Negligible,Negligible
NK CELLS||Cellular_Stress_Response_Signature,NK CELLS,0.124,0.06,0.182,0.99925,0.823625,-0.084,-0.158,-0.016,0.011125,0.289625,-0.207,-0.294,-0.123,0.0,0.989875,0.907625,0.0,0.0,0.0,0.213,0.0,0.0,0.0,1.0,0.57425,0.0,0.0,Negligible,Negligible,Negligible,Negligible,Negligible,Negligible
NK CELLS||Chronic_Activation_Signature,NK CELLS,0.118,0.053,0.176,0.996625,0.773,-0.076,-0.146,-0.004,0.025,0.235875,-0.194,-0.274,-0.099,0.00025,0.974625,0.907625,0.0,0.0,0.0,0.213,0.0,0.0,0.0,1.0,0.57425,0.0,0.0,Negligible,Negligible,Negligible,Negligible,Negligible,Negligible
NK CELLS||Complement_Activation_Signature,NK CELLS,0.126,0.064,0.186,0.9995,0.838375,-0.086,-0.161,-0.013,0.010875,0.3105,-0.212,-0.304,-0.128,0.0,0.994,0.907625,0.0,0.0,0.0,0.213,0.0,0.0,0.0,1.0,0.57425,0.0,0.0,Negligible,Negligible,Negligible,Negligible,Negligible,Negligible
NK CELLS||Cytokine_Receptor_Activity_Signature,NK CELLS,0.121,0.057,0.179,0.998125,0.793,-0.081,-0.15,-0.007,0.01775,0.268875,-0.201,-0.283,-0.113,0.000375,0.984875,0.907625,0.0,0.0,0.0,0.213,0.0,0.0,0.0,1.0,0.57425,0.0,0.0,Negligible,Negligible,Negligible,Negligible,Negligible,Negligible
NK CELLS||Degranulation_Activity_Signature,NK CELLS,0.126,0.065,0.188,0.999625,0.838,-0.081,-0.15,-0.008,0.014375,0.2695,-0.206,-0.292,-0.118,0.0,0.988625,0.907625,0.0,0.0,0.0,0.213,0.0,0.0,0.0,1.0,0.57425,0.0,0.0,Negligible,Negligible,Negligible,Negligible,Negligible,Negligible
NK CELLS||Developmental_Program_Signature,NK CELLS,0.124,0.062,0.183,0.998875,0.822375,-0.081,-0.154,-0.012,0.017,0.277375,-0.205,-0.289,-0.117,0.000125,0.987375,0.907625,0.0,0.0,0.0,0.213,0.0,0.0,0.0,1.0,0.57425,0.0,0.0,Negligible,Negligible,Negligible,Negligible,Negligible,Negligible
NK CELLS||ER_Stress_Response_Signature,NK CELLS,0.122,0.065,0.186,0.99825,0.803125,-0.084,-0.161,-0.015,0.0105,0.303875,-0.206,-0.297,-0.125,0.0,0.99,0.907625,0.0,0.0,0.0,0.213,0.0,0.0,0.0,1.0,0.57425,0.0,0.0,Negligible,Negligible,Negligible,Negligible,Negligible,Negligible
NK CELLS||Effector_Programming_Signature,NK CELLS,0.124,0.064,0.188,0.999,0.821625,-0.079,-0.146,-0.007,0.017125,0.26175,-0.203,-0.289,-0.122,0.000125,0.9865,0.907625,0.0,0.0,0.0,0.213,0.0,0.0,0.0,1.0,0.57425,0.0,0.0,Negligible,Negligible,Negligible,Negligible,Negligible,Negligible
NK CELLS||Hypoxia_Response_Signature,NK CELLS,0.123,0.063,0.185,0.99875,0.8135,-0.078,-0.147,-0.008,0.0195,0.25025,-0.201,-0.29,-0.119,0.000125,0.984625,0.907625,0.0,0.0,0.0,0.213,0.0,0.0,0.0,1.0,0.57425,0.0,0.0,Negligible,Negligible,Negligible,Negligible,Negligible,Negligible
NK CELLS||KIR_Signaling_Signature,NK CELLS,0.123,0.063,0.183,0.99925,0.816,-0.082,-0.149,-0.007,0.012875,0.2835,-0.206,-0.289,-0.119,0.0,0.9905,0.907625,0.0,0.0,0.0,0.213,0.0,0.0,0.0,1.0,0.57425,0.0,0.0,Negligible,Negligible,Negligible,Negligible,Negligible,Negligible
NK CELLS||Mitochondrial_Function_Signature,NK CELLS,0.132,0.074,0.201,0.999875,0.880875,-0.082,-0.156,-0.011,0.01425,0.2845,-0.214,-0.316,-0.135,0.000125,0.99325,0.907625,0.0,0.0,0.0,0.213,0.0,0.0,0.0,1.0,0.57425,0.0,0.0,Negligible,Negligible,Negligible,Negligible,Negligible,Negligible
NK CELLS||NCR_Signature,NK CELLS,0.122,0.06,0.181,0.999,0.806,-0.078,-0.148,-0.003,0.022375,0.252875,-0.201,-0.288,-0.117,0.0005,0.98275,0.907625,0.0,0.0,0.0,0.213,0.0,0.0,0.0,1.0,0.57425,0.0,0.0,Negligible,Negligible,Negligible,Negligible,Negligible,Negligible
NK CELLS||NK_Development_Signature,NK CELLS,0.124,0.064,0.183,0.99925,0.8215,-0.082,-0.154,-0.011,0.0145,0.2825,-0.206,-0.289,-0.121,0.00025,0.989875,0.907625,0.0,0.0,0.0,0.213,0.0,0.0,0.0,1.0,0.57425,0.0,0.0,Negligible,Negligible,Negligible,Negligible,Negligible,Negligible
NK CELLS||NK_Exhaustion_Signature,NK CELLS,0.117,0.051,0.176,0.996875,0.766875,-0.078,-0.151,-0.007,0.02425,0.244625,-0.195,-0.279,-0.105,0.000625,0.97475,0.907625,0.0,0.0,0.0,0.213,0.0,0.0,0.0,1.0,0.57425,0.0,0.0,Negligible,Negligible,Negligible,Negligible,Negligible,Negligible
NK CELLS||Tissue_Residency_Signature,NK CELLS,0.12,0.055,0.179,0.997375,0.793875,-0.082,-0.156,-0.012,0.013875,0.28025,-0.202,-0.293,-0.118,0.000125,0.984375,0.907625,0.0,0.0,0.0,0.213,0.0,0.0,0.0,1.0,0.57425,0.0,0.0,Negligible,Negligible,Negligible,Negligible,Negligible,Negligible
NK CELLS||Type1_IFN_Response_Signature,NK CELLS,0.116,0.05,0.172,0.996,0.749875,-0.085,-0.158,-0.014,0.0115,0.306375,-0.201,-0.291,-0.11,0.000375,0.982,0.907625,0.0,0.0,0.0,0.213,0.0,0.0,0.0,1.0,0.57425,0.0,0.0,Negligible,Negligible,Negligible,Negligible,Negligible,Negligible
NK CELLS||Wound_Healing_Support_Signature,NK CELLS,0.125,0.064,0.188,0.99925,0.827875,-0.08,-0.152,-0.009,0.018375,0.26275,-0.204,-0.292,-0.118,0.0,0.986,0.907625,0.0,0.0,0.0,0.213,0.0,0.0,0.0,1.0,0.57425,0.0,0.0,Negligible,Negligible,Negligible,Negligible,Negligible,Negligible
NK_CELLS||ADCC_Function_Signature,NK CELLS,0.121,0.057,0.181,0.999,0.80325,-0.076,-0.143,-0.0,0.02675,0.238625,-0.198,-0.279,-0.11,0.000375,0.981125,0.907625,0.0,0.0,0.0,0.213,0.0,0.0,0.0,1.0,0.57425,0.0,0.0,Negligible,Negligible,Negligible,Negligible,Negligible,Negligible
NK_CELLS||Activating_Receptor_Signature,NK CELLS,0.123,0.061,0.181,0.998875,0.812375,-0.078,-0.148,-0.006,0.02225,0.2435,-0.201,-0.284,-0.111,0.000125,0.983375,0.907625,0.0,0.0,0.0,0.213,0.0,0.0,0.0,1.0,0.57425,0.0,0.0,Negligible,Negligible,Negligible,Negligible,Negligible,Negligible
NK_CELLS||Adipokine_Response_Signature,NK CELLS,0.133,0.074,0.201,0.999875,0.885125,-0.082,-0.153,-0.013,0.0125,0.279875,-0.215,-0.304,-0.127,0.000125,0.994375,0.907625,0.0,0.0,0.0,0.213,0.0,0.0,0.0,1.0,0.57425,0.0,0.0,Negligible,Negligible,Negligible,Negligible,Negligible,Negligible
NK_CELLS||Adipose_Signaling_Signature,NK CELLS,0.133,0.069,0.2,0.999875,0.881125,-0.081,-0.15,-0.006,0.015125,0.278125,-0.214,-0.3,-0.122,0.00025,0.995125,0.907625,0.0,0.0,0.0,0.213,0.0,0.0,0.0,1.0,0.57425,0.0,0.0,Negligible,Negligible,Negligible,Negligible,Negligible,Negligible
NK_CELLS||Autophagy_Regulation_Signature,NK CELLS,0.127,0.066,0.191,0.999625,0.850875,-0.084,-0.151,-0.006,0.012,0.299625,-0.211,-0.301,-0.126,0.000125,0.993875,0.907625,0.0,0.0,0.0,0.213,0.0,0.0,0.0,1.0,0.57425,0.0,0.0,Negligible,Negligible,Negligible,Negligible,Negligible,Negligible
NK_CELLS||Cell_Migration_Signature,NK CELLS,0.121,0.057,0.178,0.99825,0.795875,-0.081,-0.151,-0.006,0.0175,0.2745,-0.201,-0.288,-0.114,0.00025,0.98425,0.907625,0.0,0.0,0.0,0.213,0.0,0.0,0.0,1.0,0.57425,0.0,0.0,Negligible,Negligible,Negligible,Negligible,Negligible,Negligible
NK_CELLS||Cell_Proliferation_Signature,NK CELLS,0.131,0.073,0.196,0.99975,0.878375,-0.085,-0.156,-0.01,0.010125,0.30675,-0.216,-0.306,-0.128,0.0,0.995375,0.907625,0.0,0.0,0.0,0.213,0.0,0.0,0.0,1.0,0.57425,0.0,0.0,Negligible,Negligible,Negligible,Negligible,Negligible,Negligible
NK_CELLS||Cellular_Stress_Response_Signature,NK CELLS,0.123,0.063,0.187,0.99875,0.819,-0.084,-0.155,-0.007,0.011625,0.29375,-0.207,-0.296,-0.119,0.000125,0.9905,0.907625,0.0,0.0,0.0,0.213,0.0,0.0,0.0,1.0,0.57425,0.0,0.0,Negligible,Negligible,Negligible,Negligible,Negligible,Negligible
NK_CELLS||Cytokine_Production_Signature,NK CELLS,0.114,0.046,0.174,0.994375,0.731,-0.077,-0.15,-0.007,0.024625,0.24225,-0.191,-0.274,-0.096,0.001,0.96825,0.907625,0.0,0.0,0.0,0.213,0.0,0.0,0.0,1.0,0.57425,0.0,0.0,Negligible,Negligible,Negligible,Negligible,Negligible,Negligible
NK_CELLS||Cytolytic_Deficiency_Signature,NK CELLS,0.121,0.057,0.178,0.998875,0.796875,-0.079,-0.144,-0.002,0.020375,0.25275,-0.199,-0.28,-0.113,0.000375,0.984125,0.907625,0.0,0.0,0.0,0.213,0.0,0.0,0.0,1.0,0.57425,0.0,0.0,Negligible,Negligible,Negligible,Negligible,Negligible,Negligible
NK_CELLS||Degranulation_Signature,NK CELLS,0.126,0.064,0.187,0.999625,0.83775,-0.081,-0.149,-0.008,0.0165,0.281875,-0.207,-0.289,-0.117,0.000375,0.989375,0.907625,0.0,0.0,0.0,0.213,0.0,0.0,0.0,1.0,0.57425,0.0,0.0,Negligible,Negligible,Negligible,Negligible,Negligible,Negligible
NK_CELLS||Dysfunction_Signature,NK CELLS,0.118,0.053,0.173,0.997125,0.766875,-0.078,-0.147,-0.001,0.0245,0.246875,-0.196,-0.277,-0.101,0.000625,0.975375,0.907625,0.0,0.0,0.0,0.213,0.0,0.0,0.0,1.0,0.57425,0.0,0.0,Negligible,Negligible,Negligible,Negligible,Negligible,Negligible
NK_CELLS||ER_Stress_Response_Signature,NK CELLS,0.122,0.057,0.182,0.999125,0.808875,-0.084,-0.154,-0.013,0.011125,0.301625,-0.206,-0.29,-0.117,0.0,0.989625,0.907625,0.0,0.0,0.0,0.213,0.0,0.0,0.0,1.0,0.57425,0.0,0.0,Negligible,Negligible,Negligible,Negligible,Negligible,Negligible
NK_CELLS||ER_Stress_Signature,NK CELLS,0.122,0.059,0.183,0.998625,0.80675,-0.085,-0.159,-0.014,0.01075,0.301125,-0.206,-0.291,-0.115,0.000125,0.989125,0.907625,0.0,0.0,0.0,0.213,0.0,0.0,0.0,1.0,0.57425,0.0,0.0,Negligible,Negligible,Negligible,Negligible,Negligible,Negligible
NK_CELLS||Exhaustion_Signature,NK CELLS,0.118,0.054,0.178,0.996875,0.768375,-0.078,-0.146,-0.004,0.0205,0.25,-0.196,-0.281,-0.112,0.00025,0.978125,0.907625,0.0,0.0,0.0,0.213,0.0,0.0,0.0,1.0,0.57425,0.0,0.0,Negligible,Negligible,Negligible,Negligible,Negligible,Negligible
NK_CELLS||Fatty_Acid_Oxidation_Signature,NK CELLS,0.13,0.074,0.197,0.999375,0.87025,-0.081,-0.154,-0.012,0.015125,0.2705,-0.211,-0.297,-0.125,0.000125,0.992375,0.907625,0.0,0.0,0.0,0.213,0.0,0.0,0.0,1.0,0.57425,0.0,0.0,Negligible,Negligible,Negligible,Negligible,Negligible,Negligible
NK_CELLS||Hedgehog_Signaling_Signature,NK CELLS,0.123,0.063,0.188,0.999,0.81275,-0.08,-0.157,-0.011,0.021375,0.265375,-0.202,-0.286,-0.112,0.00025,0.9855,0.907625,0.0,0.0,0.0,0.213,0.0,0.0,0.0,1.0,0.57425,0.0,0.0,Negligible,Negligible,Negligible,Negligible,Negligible,Negligible
NK_CELLS||KIR_Signaling_Signature,NK CELLS,0.124,0.067,0.186,0.99925,0.824375,-0.082,-0.151,-0.01,0.01475,0.27825,-0.206,-0.293,-0.124,0.0,0.991625,0.907625,0.0,0.0,0.0,0.213,0.0,0.0,0.0,1.0,0.57425,0.0,0.0,Negligible,Negligible,Negligible,Negligible,Negligible,Negligible
NK_CELLS||Lipid_Metabolism_Signature,NK CELLS,0.132,0.07,0.197,0.99975,0.884875,-0.082,-0.158,-0.013,0.015625,0.27975,-0.214,-0.304,-0.131,0.0,0.993875,0.907625,0.0,0.0,0.0,0.213,0.0,0.0,0.0,1.0,0.57425,0.0,0.0,Negligible,Negligible,Negligible,Negligible,Negligible,Negligible
NK_CELLS||Migration_Signature,NK CELLS,0.121,0.06,0.183,0.99825,0.79425,-0.081,-0.151,-0.008,0.015875,0.270625,-0.202,-0.288,-0.114,0.000125,0.984875,0.907625,0.0,0.0,0.0,0.213,0.0,0.0,0.0,1.0,0.57425,0.0,0.0,Negligible,Negligible,Negligible,Negligible,Negligible,Negligible
NK_CELLS||Mitochondrial_Function_Signature,NK CELLS,0.129,0.072,0.193,0.999875,0.86925,-0.082,-0.147,-0.007,0.0125,0.279125,-0.211,-0.297,-0.128,0.000125,0.994125,0.907625,0.0,0.0,0.0,0.213,0.0,0.0,0.0,1.0,0.57425,0.0,0.0,Negligible,Negligible,Negligible,Negligible,Negligible,Negligible
NK_CELLS||NCR_Signaling_Signature,NK CELLS,0.122,0.059,0.18,0.999,0.80825,-0.079,-0.153,-0.01,0.022,0.252875,-0.201,-0.289,-0.115,0.0005,0.98425,0.907625,0.0,0.0,0.0,0.213,0.0,0.0,0.0,1.0,0.57425,0.0,0.0,Negligible,Negligible,Negligible,Negligible,Negligible,Negligible
NK_CELLS||NCR_Signature,NK CELLS,0.122,0.058,0.179,0.998375,0.808875,-0.078,-0.151,-0.007,0.02175,0.247,-0.2,-0.288,-0.114,0.00025,0.98175,0.907625,0.0,0.0,0.0,0.213,0.0,0.0,0.0,1.0,0.57425,0.0,0.0,Negligible,Negligible,Negligible,Negligible,Negligible,Negligible
NK_CELLS||NK_Cell_Development_Signature,NK CELLS,0.123,0.064,0.183,0.998875,0.819125,-0.081,-0.152,-0.008,0.01675,0.2775,-0.204,-0.292,-0.116,0.000375,0.986,0.907625,0.0,0.0,0.0,0.213,0.0,0.0,0.0,1.0,0.57425,0.0,0.0,Negligible,Negligible,Negligible,Negligible,Negligible,Negligible
NK_CELLS||NK_Cell_Exhaustion_Signature,NK CELLS,0.118,0.056,0.176,0.99675,0.770375,-0.077,-0.146,-0.0,0.027875,0.24675,-0.195,-0.286,-0.109,0.000875,0.97375,0.907625,0.0,0.0,0.0,0.213,0.0,0.0,0.0,1.0,0.57425,0.0,0.0,Negligible,Negligible,Negligible,Negligible,Negligible,Negligible
NK_CELLS||NK_Development_Signature,NK CELLS,0.123,0.065,0.186,0.999,0.814625,-0.082,-0.153,-0.012,0.014,0.276,-0.205,-0.289,-0.12,0.000125,0.989375,0.907625,0.0,0.0,0.0,0.213,0.0,0.0,0.0,1.0,0.57425,0.0,0.0,Negligible,Negligible,Negligible,Negligible,Negligible,Negligible
NK_CELLS||Notch_Signaling_Signature,NK CELLS,0.125,0.067,0.187,0.99975,0.82975,-0.084,-0.153,-0.006,0.013375,0.293375,-0.209,-0.3,-0.124,0.00025,0.992,0.907625,0.0,0.0,0.0,0.213,0.0,0.0,0.0,1.0,0.57425,0.0,0.0,Negligible,Negligible,Negligible,Negligible,Negligible,Negligible
NK_CELLS||PI3K_AKT_Signaling_Signature,NK CELLS,0.127,0.066,0.189,0.999375,0.850125,-0.085,-0.158,-0.014,0.01025,0.29825,-0.212,-0.303,-0.125,0.0,0.993875,0.907625,0.0,0.0,0.0,0.213,0.0,0.0,0.0,1.0,0.57425,0.0,0.0,Negligible,Negligible,Negligible,Negligible,Negligible,Negligible
NK_CELLS||TGF_Beta_Signaling_Signature,NK CELLS,0.124,0.063,0.183,0.999125,0.825375,-0.083,-0.157,-0.011,0.013625,0.286875,-0.207,-0.295,-0.122,0.000125,0.990875,0.907625,0.0,0.0,0.0,0.213,0.0,0.0,0.0,1.0,0.57425,0.0,0.0,Negligible,Negligible,Negligible,Negligible,Negligible,Negligible
NK_CELLS||Tissue_Residency_Signature,NK CELLS,0.12,0.055,0.179,0.997875,0.789125,-0.081,-0.151,-0.007,0.018125,0.2775,-0.201,-0.285,-0.111,0.000125,0.984125,0.907625,0.0,0.0,0.0,0.213,0.0,0.0,0.0,1.0,0.57425,0.0,0.0,Negligible,Negligible,Negligible,Negligible,Negligible,Negligible
NK_CELLS||Type1_IFN_Response_Signature,NK CELLS,0.117,0.052,0.176,0.995875,0.759625,-0.084,-0.155,-0.012,0.01075,0.298,-0.201,-0.285,-0.108,0.000625,0.983875,0.907625,0.0,0.0,0.0,0.213,0.0,0.0,0.0,1.0,0.57425,0.0,0.0,Negligible,Negligible,Negligible,Negligible,Negligible,Negligible
NK_CELLS||Type_I_Interferon_Response_Signature,NK CELLS,0.116,0.049,0.176,0.99475,0.761125,-0.084,-0.157,-0.015,0.010125,0.297125,-0.2,-0.286,-0.107,0.0005,0.98425,0.907625,0.0,0.0,0.0,0.213,0.0,0.0,0.0,1.0,0.57425,0.0,0.0,Negligible,Negligible,Negligible,Negligible,Negligible,Negligible
NK_CELLS||Wnt_Signaling_Signature,NK CELLS,0.124,0.064,0.187,0.9985,0.81875,-0.082,-0.149,-0.008,0.012375,0.275875,-0.205,-0.288,-0.116,0.0,0.98875,0.907625,0.0,0.0,0.0,0.213,0.0,0.0,0.0,1.0,0.57425,0.0,0.0,Negligible,Negligible,Negligible,Negligible,Negligible,Negligible
NK_CELLS||Wound_Healing_Support_Signature,NK CELLS,0.125,0.066,0.187,0.998875,0.83625,-0.08,-0.149,-0.005,0.017625,0.262375,-0.205,-0.29,-0.118,0.0,0.988875,0.907625,0.0,0.0,0.0,0.213,0.0,0.0,0.0,1.0,0.57425,0.0,0.0,Negligible,Negligible,Negligible,Negligible,Negligible,Negligible
NK_CELLS||p53_Pathway_Signature,NK CELLS,0.124,0.068,0.19,0.999125,0.82475,-0.081,-0.154,-0.009,0.016375,0.27725,-0.206,-0.291,-0.117,0.0005,0.98875,0.907625,0.0,0.0,0.0,0.213,0.0,0.0,0.0,1.0,0.57425,0.0,0.0,Negligible,Negligible,Negligible,Negligible,Negligible,Negligible
MONOCYTES||Adipose_Signaling_Signature,MONOCYTES,-0.084,-0.156,-0.003,0.031125,0.349125,-0.138,-0.226,-0.049,0.004,0.82175,-0.054,-0.165,0.055,0.145,0.185375,0.445375,0.0,0.0,0.0,0.89125,0.01975,0.0,0.0,0.02625,0.0,0.0,0.0,Negligible,Negligible,Negligible,Negligible,Negligible,Negligible
MONOCYTES||Angiogenesis_Regulation_Signature,MONOCYTES,-0.101,-0.18,-0.031,0.00475,0.493125,-0.137,-0.226,-0.046,0.004625,0.817375,-0.036,-0.145,0.068,0.228875,0.110375,0.445375,0.0,0.0,0.0,0.89125,0.01975,0.0,0.0,0.02625,0.0,0.0,0.0,Negligible,Negligible,Negligible,Negligible,Negligible,Negligible
MONOCYTES||Cellular_Stress_Response_Signature,MONOCYTES,-0.097,-0.166,-0.021,0.00825,0.460875,-0.143,-0.232,-0.055,0.002,0.85125,-0.046,-0.157,0.057,0.169125,0.14375,0.445375,0.0,0.0,0.0,0.89125,0.01975,0.0,0.0,0.02625,0.0,0.0,0.0,Negligible,Negligible,Negligible,Negligible,Negligible,Negligible
MONOCYTES||Checkpoint_Ligand_Expression_Signature,MONOCYTES,-0.099,-0.172,-0.023,0.005875,0.482875,-0.14,-0.226,-0.053,0.002625,0.83925,-0.041,-0.147,0.064,0.199625,0.121125,0.445375,0.0,0.0,0.0,0.89125,0.01975,0.0,0.0,0.02625,0.0,0.0,0.0,Negligible,Negligible,Negligible,Negligible,Negligible,Negligible
MONOCYTES||Chemokine_Production_Signature,MONOCYTES,-0.106,-0.184,-0.036,0.00275,0.54075,-0.138,-0.226,-0.052,0.003875,0.825125,-0.032,-0.137,0.073,0.24325,0.093875,0.445375,0.0,0.0,0.0,0.89125,0.01975,0.0,0.0,0.02625,0.0,0.0,0.0,Negligible,Negligible,Negligible,Negligible,Negligible,Negligible
MONOCYTES||Cholesterol_Handling_Signature,MONOCYTES,-0.096,-0.171,-0.027,0.008,0.45875,-0.139,-0.228,-0.054,0.004,0.831,-0.042,-0.147,0.064,0.186875,0.1275,0.445375,0.0,0.0,0.0,0.89125,0.01975,0.0,0.0,0.02625,0.0,0.0,0.0,Negligible,Negligible,Negligible,Negligible,Negligible,Negligible
MONOCYTES||Complement_Activation_Signature,MONOCYTES,-0.094,-0.165,-0.021,0.0115,0.427,-0.143,-0.231,-0.057,0.001875,0.846625,-0.049,-0.157,0.057,0.16,0.154625,0.445375,0.0,0.0,0.0,0.89125,0.01975,0.0,0.0,0.02625,0.0,0.0,0.0,Negligible,Negligible,Negligible,Negligible,Negligible,Negligible
MONOCYTES||Complement_Receptor_Signaling_Signature,MONOCYTES,-0.1,-0.173,-0.03,0.005125,0.49525,-0.136,-0.223,-0.049,0.00525,0.81,-0.036,-0.138,0.069,0.227625,0.107,0.445375,0.0,0.0,0.0,0.89125,0.01975,0.0,0.0,0.02625,0.0,0.0,0.0,Negligible,Negligible,Negligible,Negligible,Negligible,Negligible
MONOCYTES||Danger_Signal_Recognition_Signature,MONOCYTES,-0.097,-0.169,-0.024,0.010875,0.46175,-0.142,-0.226,-0.054,0.003125,0.847625,-0.045,-0.156,0.056,0.17725,0.135625,0.445375,0.0,0.0,0.0,0.89125,0.01975,0.0,0.0,0.02625,0.0,0.0,0.0,Negligible,Negligible,Negligible,Negligible,Negligible,Negligible
MONOCYTES||ER_Stress_Response_Signature,MONOCYTES,-0.105,-0.183,-0.031,0.00375,0.5345,-0.142,-0.232,-0.053,0.001375,0.837625,-0.037,-0.149,0.068,0.225875,0.116625,0.445375,0.0,0.0,0.0,0.89125,0.01975,0.0,0.0,0.02625,0.0,0.0,0.0,Negligible,Negligible,Negligible,Negligible,Negligible,Negligible
MONOCYTES||Efferocytosis_Activity_Signature,MONOCYTES,-0.09,-0.162,-0.015,0.019125,0.4015,-0.141,-0.227,-0.049,0.003625,0.840625,-0.051,-0.16,0.05,0.14375,0.16575,0.445375,0.0,0.0,0.0,0.89125,0.01975,0.0,0.0,0.02625,0.0,0.0,0.0,Negligible,Negligible,Negligible,Negligible,Negligible,Negligible
MONOCYTES||Epigenetic_Dysregulation_Signature,MONOCYTES,-0.1,-0.171,-0.026,0.0055,0.485,-0.142,-0.235,-0.054,0.003375,0.846375,-0.042,-0.149,0.057,0.19225,0.12325,0.445375,0.0,0.0,0.0,0.89125,0.01975,0.0,0.0,0.02625,0.0,0.0,0.0,Negligible,Negligible,Negligible,Negligible,Negligible,Negligible
MONOCYTES||Fatty_Acid_Oxidation_Signature,MONOCYTES,-0.09,-0.164,-0.011,0.021,0.403625,-0.138,-0.224,-0.049,0.005,0.82525,-0.048,-0.159,0.055,0.164625,0.147875,0.445375,0.0,0.0,0.0,0.89125,0.01975,0.0,0.0,0.02625,0.0,0.0,0.0,Negligible,Negligible,Negligible,Negligible,Negligible,Negligible
MONOCYTES||Glucose_Fatty_Acid_Cycle_Signature,MONOCYTES,-0.087,-0.156,-0.01,0.021625,0.37375,-0.138,-0.226,-0.052,0.00375,0.827,-0.05,-0.16,0.05,0.144375,0.157,0.445375,0.0,0.0,0.0,0.89125,0.01975,0.0,0.0,0.02625,0.0,0.0,0.0,Negligible,Negligible,Negligible,Negligible,Negligible,Negligible
MONOCYTES||Hypoxia_Response_Signature,MONOCYTES,-0.098,-0.17,-0.023,0.007875,0.473,-0.133,-0.218,-0.04,0.00725,0.80225,-0.035,-0.14,0.074,0.228,0.1065,0.445375,0.0,0.0,0.0,0.89125,0.01975,0.0,0.0,0.02625,0.0,0.0,0.0,Negligible,Negligible,Negligible,Negligible,Negligible,Negligible
MONOCYTES||Immunosenescence_Signature,MONOCYTES,-0.095,-0.172,-0.026,0.010875,0.449375,-0.129,-0.215,-0.038,0.012125,0.78025,-0.034,-0.145,0.071,0.229125,0.106125,0.445375,0.0,0.0,0.0,0.89125,0.01975,0.0,0.0,0.02625,0.0,0.0,0.0,Negligible,Negligible,Negligible,Negligible,Negligible,Negligible
MONOCYTES||Inflammasome_Activity_Signature,MONOCYTES,-0.096,-0.169,-0.019,0.0095,0.453625,-0.141,-0.235,-0.054,0.00375,0.84075,-0.045,-0.153,0.065,0.182625,0.14075,0.445375,0.0,0.0,0.0,0.89125,0.01975,0.0,0.0,0.02625,0.0,0.0,0.0,Negligible,Negligible,Negligible,Negligible,Negligible,Negligible
MONOCYTES||Inflammatory_Response_Signature,MONOCYTES,-0.103,-0.178,-0.03,0.004375,0.5205,-0.136,-0.226,-0.046,0.004125,0.815,-0.033,-0.138,0.072,0.24,0.09825,0.445375,0.0,0.0,0.0,0.89125,0.01975,0.0,0.0,0.02625,0.0,0.0,0.0,Negligible,Negligible,Negligible,Negligible,Negligible,Negligible
MONOCYTES||Lipogenesis_Activity_Signature,MONOCYTES,-0.087,-0.162,-0.013,0.025625,0.375375,-0.139,-0.229,-0.054,0.00375,0.828625,-0.052,-0.165,0.047,0.1445,0.169375,0.445375,0.0,0.0,0.0,0.89125,0.01975,0.0,0.0,0.02625,0.0,0.0,0.0,Negligible,Negligible,Negligible,Negligible,Negligible,Negligible
MONOCYTES||Lysosomal_Activity_Signature,MONOCYTES,-0.1,-0.175,-0.029,0.006875,0.49,-0.138,-0.227,-0.047,0.004875,0.824375,-0.037,-0.141,0.071,0.210375,0.104375,0.445375,0.0,0.0,0.0,0.89125,0.01975,0.0,0.0,0.02625,0.0,0.0,0.0,Negligible,Negligible,Negligible,Negligible,Negligible,Negligible
MONOCYTES||Lysosomal_Biogenesis_Signature,MONOCYTES,-0.103,-0.176,-0.027,0.003125,0.512,-0.137,-0.225,-0.05,0.00525,0.81725,-0.034,-0.135,0.076,0.23225,0.103375,0.445375,0.0,0.0,0.0,0.89125,0.01975,0.0,0.0,0.02625,0.0,0.0,0.0,Negligible,Negligible,Negligible,Negligible,Negligible,Negligible
MONOCYTES||M1_Polarization_Signature,MONOCYTES,-0.1,-0.176,-0.029,0.005625,0.497375,-0.136,-0.227,-0.049,0.00675,0.815,-0.035,-0.14,0.075,0.2225,0.108125,0.445375,0.0,0.0,0.0,0.89125,0.01975,0.0,0.0,0.02625,0.0,0.0,0.0,Negligible,Negligible,Negligible,Negligible,Negligible,Negligible
MONOCYTES||M2_Polarization_Signature,MONOCYTES,-0.086,-0.158,-0.004,0.02725,0.377625,-0.14,-0.229,-0.052,0.00275,0.838625,-0.054,-0.164,0.057,0.14825,0.177375,0.445375,0.0,0.0,0.0,0.89125,0.01975,0.0,0.0,0.02625,0.0,0.0,0.0,Negligible,Negligible,Negligible,Negligible,Negligible,Negligible
MONOCYTES||MHC_II_Presentation_Signature,MONOCYTES,-0.096,-0.167,-0.022,0.00775,0.44775,-0.134,-0.219,-0.04,0.005125,0.802875,-0.039,-0.142,0.065,0.207625,0.108125,0.445375,0.0,0.0,0.0,0.89125,0.01975,0.0,0.0,0.02625,0.0,0.0,0.0,Negligible,Negligible,Negligible,Negligible,Negligible,Negligible
MONOCYTES||Matrix_Remodeling_Activity_Signature,MONOCYTES,-0.098,-0.166,-0.024,0.007,0.4755,-0.136,-0.227,-0.043,0.00575,0.80825,-0.038,-0.142,0.073,0.215625,0.113875,0.445375,0.0,0.0,0.0,0.89125,0.01975,0.0,0.0,0.02625,0.0,0.0,0.0,Negligible,Negligible,Negligible,Negligible,Negligible,Negligible
MONOCYTES||Microbiome_Response_Signature,MONOCYTES,-0.106,-0.186,-0.035,0.00325,0.53775,-0.14,-0.227,-0.049,0.003375,0.839875,-0.035,-0.141,0.076,0.237375,0.10575,0.445375,0.0,0.0,0.0,0.89125,0.01975,0.0,0.0,0.02625,0.0,0.0,0.0,Negligible,Negligible,Negligible,Negligible,Negligible,Negligible
MONOCYTES||Mitochondrial_Function_Signature,MONOCYTES,-0.091,-0.162,-0.014,0.0205,0.412375,-0.141,-0.23,-0.052,0.00275,0.843625,-0.051,-0.156,0.061,0.147375,0.158125,0.445375,0.0,0.0,0.0,0.89125,0.01975,0.0,0.0,0.02625,0.0,0.0,0.0,Negligible,Negligible,Negligible,Negligible,Negligible,Negligible
MONOCYTES||Monocyte_Activation_Signature,MONOCYTES,-0.109,-0.193,-0.036,0.00225,0.562875,-0.13,-0.223,-0.037,0.013125,0.784875,-0.021,-0.128,0.099,0.30925,0.093,0.445375,0.0,0.0,0.0,0.89125,0.01975,0.0,0.0,0.02625,0.0,0.0,0.0,Negligible,Negligible,Negligible,Negligible,Negligible,Negligible
MONOCYTES||Monocyte_Subset_Plasticity_Signature,MONOCYTES,-0.099,-0.174,-0.027,0.008,0.4805,-0.137,-0.225,-0.047,0.004125,0.820875,-0.038,-0.145,0.07,0.215875,0.11375,0.445375,0.0,0.0,0.0,0.89125,0.01975,0.0,0.0,0.02625,0.0,0.0,0.0,Negligible,Negligible,Negligible,Negligible,Negligible,Negligible
MONOCYTES||Oxidative_Stress_Response_Signature,MONOCYTES,-0.095,-0.167,-0.021,0.010875,0.443375,-0.14,-0.227,-0.048,0.004125,0.838875,-0.044,-0.15,0.064,0.1765,0.13775,0.445375,0.0,0.0,0.0,0.89125,0.01975,0.0,0.0,0.02625,0.0,0.0,0.0,Negligible,Negligible,Negligible,Negligible,Negligible,Negligible
MONOCYTES||Phagocytosis_Signature,MONOCYTES,-0.1,-0.177,-0.031,0.006375,0.491625,-0.136,-0.225,-0.05,0.0055,0.8135,-0.035,-0.134,0.076,0.224875,0.101875,0.445375,0.0,0.0,0.0,0.89125,0.01975,0.0,0.0,0.02625,0.0,0.0,0.0,Negligible,Negligible,Negligible,Negligible,Negligible,Negligible
MONOCYTES||Senescence_Signature,MONOCYTES,-0.099,-0.172,-0.027,0.006125,0.4795,-0.137,-0.223,-0.045,0.004625,0.821875,-0.038,-0.137,0.072,0.209,0.111125,0.445375,0.0,0.0,0.0,0.89125,0.01975,0.0,0.0,0.02625,0.0,0.0,0.0,Negligible,Negligible,Negligible,Negligible,Negligible,Negligible
MONOCYTES||TLR_Signaling_Signature,MONOCYTES,-0.1,-0.174,-0.028,0.0055,0.489875,-0.147,-0.238,-0.062,0.001,0.869375,-0.046,-0.156,0.052,0.17,0.14225,0.445375,0.0,0.0,0.0,0.89125,0.01975,0.0,0.0,0.02625,0.0,0.0,0.0,Negligible,Negligible,Negligible,Negligible,Negligible,Negligible
MONOCYTES||Wound_Healing_Support_Signature,MONOCYTES,-0.096,-0.167,-0.023,0.011625,0.4555,-0.136,-0.226,-0.049,0.0055,0.812375,-0.04,-0.148,0.064,0.204875,0.116,0.445375,0.0,0.0,0.0,0.89125,0.01975,0.0,0.0,0.02625,0.0,0.0,0.0,Negligible,Negligible,Negligible,Negligible,Negligible,Negligible
T_CELLS||Cell_Proliferation_Signature,T CELLS,0.106,-0.009,0.236,0.9735,0.50575,-0.018,-0.178,0.133,0.4265,0.181625,-0.124,-0.314,0.051,0.069,0.587,0.348625,0.002375,0.0,0.0,0.06925,0.000625,0.0,0.0,0.376875,0.02075,0.000125,0.0,Negligible,Negligible,Negligible,Negligible,Negligible,Negligible
T_CELLS||Chemokine_Production_Signature,T CELLS,0.062,-0.066,0.176,0.859375,0.283125,0.001,-0.141,0.169,0.5075,0.176625,-0.061,-0.236,0.122,0.228,0.366625,0.348625,0.002375,0.0,0.0,0.06925,0.000625,0.0,0.0,0.376875,0.02075,0.000125,0.0,Negligible,Negligible,Negligible,Negligible,Negligible,Negligible
T_CELLS||Chronic_Activation_Signature,T CELLS,0.08,-0.033,0.197,0.926375,0.353625,0.017,-0.142,0.183,0.56925,0.1915,-0.064,-0.243,0.117,0.216375,0.380875,0.348625,0.002375,0.0,0.0,0.06925,0.000625,0.0,0.0,0.376875,0.02075,0.000125,0.0,Negligible,Negligible,Negligible,Negligible,Negligible,Negligible
T_CELLS||Complement_Activation_Signature,T CELLS,0.097,-0.016,0.215,0.965,0.447375,-0.019,-0.181,0.15,0.421,0.199125,-0.116,-0.305,0.061,0.085,0.553375,0.348625,0.002375,0.0,0.0,0.06925,0.000625,0.0,0.0,0.376875,0.02075,0.000125,0.0,Negligible,Negligible,Negligible,Negligible,Negligible,Negligible
T_CELLS||Costimulation_Signature,T CELLS,0.093,-0.022,0.207,0.955375,0.423625,0.024,-0.133,0.198,0.602,0.2015,-0.069,-0.244,0.129,0.197,0.408875,0.348625,0.002375,0.0,0.0,0.06925,0.000625,0.0,0.0,0.376875,0.02075,0.000125,0.0,Negligible,Negligible,Negligible,Negligible,Negligible,Negligible
T_CELLS||Cytotoxic_Function_Signature,T CELLS,0.091,-0.024,0.216,0.944,0.419125,-0.001,-0.159,0.153,0.49975,0.178625,-0.091,-0.268,0.085,0.13425,0.46675,0.348625,0.002375,0.0,0.0,0.06925,0.000625,0.0,0.0,0.376875,0.02075,0.000125,0.0,Negligible,Negligible,Negligible,Negligible,Negligible,Negligible
T_CELLS||Fatty_Acid_Oxidation_Signature,T CELLS,0.112,0.0,0.252,0.98225,0.532125,0.006,-0.146,0.16,0.534,0.17175,-0.106,-0.292,0.073,0.108,0.515125,0.348625,0.002375,0.0,0.0,0.06925,0.000625,0.0,0.0,0.376875,0.02075,0.000125,0.0,Negligible,Negligible,Negligible,Negligible,Negligible,Negligible
T_CELLS||Hypoxia_Response_Signature,T CELLS,0.075,-0.053,0.189,0.903375,0.337875,0.019,-0.13,0.194,0.573375,0.19325,-0.056,-0.229,0.138,0.241625,0.360125,0.348625,0.002375,0.0,0.0,0.06925,0.000625,0.0,0.0,0.376875,0.02075,0.000125,0.0,Negligible,Negligible,Negligible,Negligible,Negligible,Negligible
T_CELLS||Inflammatory_Response_Signature,T CELLS,0.064,-0.057,0.185,0.866625,0.286375,0.023,-0.136,0.182,0.59525,0.19325,-0.041,-0.217,0.154,0.293625,0.328125,0.348625,0.002375,0.0,0.0,0.06925,0.000625,0.0,0.0,0.376875,0.02075,0.000125,0.0,Negligible,Negligible,Negligible,Negligible,Negligible,Negligible
T_CELLS||Memory_Formation_Signature,T CELLS,0.086,-0.028,0.208,0.941375,0.38675,0.007,-0.153,0.163,0.5245,0.1825,-0.08,-0.25,0.11,0.178875,0.43575,0.348625,0.002375,0.0,0.0,0.06925,0.000625,0.0,0.0,0.376875,0.02075,0.000125,0.0,Negligible,Negligible,Negligible,Negligible,Negligible,Negligible
T_CELLS||Type_I_Interferon_Response_Signature,T CELLS,0.062,-0.067,0.179,0.85425,0.289375,-0.023,-0.194,0.135,0.4105,0.1995,-0.085,-0.28,0.1,0.168,0.44275,0.348625,0.002375,0.0,0.0,0.06925,0.000625,0.0,0.0,0.376875,0.02075,0.000125,0.0,Negligible,Negligible,Negligible,Negligible,Negligible,Negligible
T_CELLS||p53_Pathway_Signature,T CELLS,0.09,-0.019,0.207,0.95075,0.40875,-0.002,-0.167,0.146,0.490875,0.173625,-0.092,-0.271,0.083,0.13175,0.47525,0.348625,0.002375,0.0,0.0,0.06925,0.000625,0.0,0.0,0.376875,0.02075,0.000125,0.0,Negligible,Negligible,Negligible,Negligible,Negligible,Negligible
